<?xml version="1.0" encoding="UTF-8"?>
<project-private xmlns="http://www.netbeans.org/ns/project-private/1">
    <editor-bookmarks xmlns="http://www.netbeans.org/ns/editor-bookmarks/2" lastBookmarkId="0"/>
    <open-files xmlns="http://www.netbeans.org/ns/projectui-open-files/2">
        <group>
            <file>file:/D:/Java/TH_Bai17/src/th_bai17/Main.java</file>
            <file>file:/D:/Java/TH_Bai17/src/th_bai17/Tour.java</file>
            <file>file:/D:/Java/TH_Bai17/src/th_bai17/KhachHang.java</file>
            <file>file:/D:/Java/TH_Bai17/src/th_bai17/IOFile.java</file>
            <file>file:/D:/Java/TH_Bai17/src/th_bai17/QLT.java</file>
            <file>file:/D:/Java/TH_Bai17/src/th_bai17/GiaoTiep.java</file>
        </group>
    </open-files>
</project-private>
